prompt,target
"turn right, turn left, walk towards the small desk on the left side [x=-5.89; y=-13.07; yaw=-3.427] the small desk on the left side","{'umrf_actions': [{'name': 'TaMoveRobot', 'package_name': 'ta_move_robot', 'description': 'turn right ', 'id': 0, 'effect': 'synchronous', 'input_parameters': {'direction': {'pvf_type': 'string', 'pvf_example': 'right'}, 'verb': {'pvf_type': 'string', 'pvf_example': 'turn'}}, 'children': [{'name': 'TaMoveRobot', 'id': 1}]}, {'name': 'TaMoveRobot', 'package_name': 'ta_move_robot', 'description': 'turn left', 'id': 1, 'effect': 'synchronous', 'input_parameters': {'direction': {'pvf_type': 'string', 'pvf_example': 'left'}, 'verb': {'pvf_type': 'string', 'pvf_example': 'turn'}}, 'children': [{'name': 'TaNavigateRobot', 'id': 0}], 'parents': [{'name': 'TaMoveRobot', 'id': 0, 'required': True}]}, {'name': 'TaNavigateRobot', 'package_name': 'ta_navigate_robot', 'description': 'walk towards the small desk on the left side', 'id': 0, 'effect': 'synchronous', 'input_parameters': {'location': {'pvf_type': 'string', 'pvf_example': 'the small desk on the left side'}, 'verb': {'pvf_type': 'string', 'pvf_example': 'walk towards'}, 'pose_2d': {'x': {'pvf_type': 'number', 'pvf_value': -5.89}, 'y': {'pvf_type': 'number', 'pvf_value': -13.07}, 'yaw': {'pvf_type': 'number', 'pvf_value': -3.427}}}, 'parents': [{'name': 'TaMoveRobot', 'id': 1, 'required': True}]}]}"
Turn left and face the green dresser with the clock on it. [x=-11.743; y=-14.934; yaw=1.064] green dresser with the clock on it,"{'umrf_actions': [{'name': 'TaMoveRobot', 'package_name': 'ta_move_robot', 'description': 'Turn left', 'id': 0, 'effect': 'synchronous', 'input_parameters': {'direction': {'pvf_type': 'string', 'pvf_example': 'left'}, 'verb': {'pvf_type': 'string', 'pvf_example': 'Turn'}}, 'children': [{'name': 'TaNavigateRobot', 'id': 0}]}, {'name': 'TaNavigateRobot', 'package_name': 'ta_navigate_robot', 'description': 'face the green dresser with the clock on it.', 'id': 0, 'effect': 'synchronous', 'input_parameters': {'landmark': {'pvf_type': 'string', 'pvf_example': 'green dresser with the clock on it'}, 'verb': {'pvf_type': 'string', 'pvf_example': 'face'}, 'pose_2d': {'x': {'pvf_type': 'number', 'pvf_value': -11.743}, 'y': {'pvf_type': 'number', 'pvf_value': -14.934}, 'yaw': {'pvf_type': 'number', 'pvf_value': 1.064}}}, 'parents': [{'name': 'TaMoveRobot', 'id': 0, 'required': True}]}]}"
Walk a step the the left and face the front of the desk. [x=-5.974; y=3.803; yaw=1.017],"{'umrf_actions': [{'name': 'TaMoveRobot', 'package_name': 'ta_move_robot', 'description': 'Walk a step the the left', 'id': 0, 'effect': 'synchronous', 'input_parameters': {'direction': {'pvf_type': 'string', 'pvf_example': 'left'}, 'verb': {'pvf_type': 'string', 'pvf_example': 'step'}}, 'children': [{'name': 'TaNavigateRobot', 'id': 0}]}, {'name': 'TaNavigateRobot', 'package_name': 'ta_navigate_robot', 'description': 'face the front of the desk', 'id': 0, 'effect': 'synchronous', 'input_parameters': {'verb': {'pvf_type': 'string', 'pvf_example': 'face'}, 'pose_2d': {'x': {'pvf_type': 'number', 'pvf_value': -5.974}, 'y': {'pvf_type': 'number', 'pvf_value': 3.803}, 'yaw': {'pvf_type': 'number', 'pvf_value': 1.017}}}, 'parents': [{'name': 'TaMoveRobot', 'id': 0, 'required': True}]}]}"
Turn right and walk to the wall then turn left and walk to the table. [x=-9.15; y=4.316; yaw=2.168] the wall [x=1.26; y=7.61; yaw=-0.214] the table,"{'umrf_actions': [{'name': 'TaMoveRobot', 'package_name': 'ta_move_robot', 'description': 'Turn right', 'id': 0, 'effect': 'synchronous', 'input_parameters': {'direction': {'pvf_type': 'string', 'pvf_example': 'right'}, 'verb': {'pvf_type': 'string', 'pvf_example': 'Turn'}}, 'children': [{'name': 'TaNavigateRobot', 'id': 0}]}, {'name': 'TaMoveRobot', 'package_name': 'ta_move_robot', 'description': 'turn left', 'id': 1, 'effect': 'synchronous', 'input_parameters': {'direction': {'pvf_type': 'string', 'pvf_example': 'left'}, 'verb': {'pvf_type': 'string', 'pvf_example': 'turn'}}, 'children': [{'name': 'TaNavigateRobot', 'id': 1}], 'parents': [{'name': 'TaNavigateRobot', 'id': 0, 'required': True}]}, {'name': 'TaNavigateRobot', 'package_name': 'ta_navigate_robot', 'description': 'walk to the wall', 'id': 0, 'effect': 'synchronous', 'input_parameters': {'location': {'pvf_type': 'string', 'pvf_example': 'the wall'}, 'verb': {'pvf_type': 'string', 'pvf_example': 'walk'}, 'pose_2d': {'x': {'pvf_type': 'number', 'pvf_value': -9.15}, 'y': {'pvf_type': 'number', 'pvf_value': 4.316}, 'yaw': {'pvf_type': 'number', 'pvf_value': 2.168}}}, 'children': [{'name': 'TaMoveRobot', 'id': 1}], 'parents': [{'name': 'TaMoveRobot', 'id': 0, 'required': True}]}, {'name': 'TaNavigateRobot', 'package_name': 'ta_navigate_robot', 'description': 'walk to the table', 'id': 1, 'effect': 'synchronous', 'input_parameters': {'location': {'pvf_type': 'string', 'pvf_example': 'the table'}, 'verb': {'pvf_type': 'string', 'pvf_example': 'walk'}, 'pose_2d': {'x': {'pvf_type': 'number', 'pvf_value': 1.26}, 'y': {'pvf_type': 'number', 'pvf_value': 7.61}, 'yaw': {'pvf_type': 'number', 'pvf_value': -0.214}}}, 'parents': [{'name': 'TaMoveRobot', 'id': 1, 'required': True}]}]}"
walk to face the night stand on the right of the bed [x=0.248; y=3.472; yaw=1.234],"{'umrf_actions': [{'name': 'TaNavigateRobot', 'package_name': 'ta_navigate_robot', 'description': 'walk', 'id': 0, 'effect': 'synchronous', 'input_parameters': {'verb': {'pvf_type': 'string', 'pvf_example': 'walk'}, 'pose_2d': {'x': {'pvf_type': 'number', 'pvf_value': 0.248}, 'y': {'pvf_type': 'number', 'pvf_value': 3.472}, 'yaw': {'pvf_type': 'number', 'pvf_value': 1.234}}}}]}"
Turn left and walk straight ahead to the alarm clock. [x=-3.264; y=-7.07; yaw=-1.57] the alarm clock,"{'umrf_actions': [{'name': 'TaMoveRobot', 'package_name': 'ta_move_robot', 'description': 'Turn left', 'id': 0, 'effect': 'synchronous', 'input_parameters': {'direction': {'pvf_type': 'string', 'pvf_example': 'left'}, 'verb': {'pvf_type': 'string', 'pvf_example': 'Turn'}}, 'children': [{'name': 'TaNavigateRobot', 'id': 0}]}, {'name': 'TaNavigateRobot', 'package_name': 'ta_navigate_robot', 'description': 'walk straight ahead to the alarm clock.', 'id': 0, 'effect': 'synchronous', 'input_parameters': {'location': {'pvf_type': 'string', 'pvf_example': 'the alarm clock'}, 'verb': {'pvf_type': 'string', 'pvf_example': 'walk straight ahead'}, 'pose_2d': {'x': {'pvf_type': 'number', 'pvf_value': -3.264}, 'y': {'pvf_type': 'number', 'pvf_value': -7.07}, 'yaw': {'pvf_type': 'number', 'pvf_value': -1.57}}}, 'parents': [{'name': 'TaMoveRobot', 'id': 0, 'required': True}]}]}"
Turn left and approach the left side of the same desk [x=-9.074; y=-1.89; yaw=2.97] the left side of the same desk,"{'umrf_actions': [{'name': 'TaMoveRobot', 'package_name': 'ta_move_robot', 'description': 'Turn left', 'id': 0, 'effect': 'synchronous', 'input_parameters': {'direction': {'pvf_type': 'string', 'pvf_example': 'left'}, 'verb': {'pvf_type': 'string', 'pvf_example': 'Turn'}}, 'children': [{'name': 'TaNavigateRobot', 'id': 0}]}, {'name': 'TaNavigateRobot', 'package_name': 'ta_navigate_robot', 'description': 'approach the left side of the same desk', 'id': 0, 'effect': 'synchronous', 'input_parameters': {'location': {'pvf_type': 'string', 'pvf_example': 'the left side of the same desk'}, 'verb': {'pvf_type': 'string', 'pvf_example': 'approach'}, 'pose_2d': {'x': {'pvf_type': 'number', 'pvf_value': -9.074}, 'y': {'pvf_type': 'number', 'pvf_value': -1.89}, 'yaw': {'pvf_type': 'number', 'pvf_value': 2.97}}}, 'parents': [{'name': 'TaMoveRobot', 'id': 0, 'required': True}]}]}"
Turn left and walk to the wooden table. [x=1.28; y=-9.73; yaw=2.764] the wooden table,"{'umrf_actions': [{'name': 'TaMoveRobot', 'package_name': 'ta_move_robot', 'description': 'Turn left', 'id': 0, 'effect': 'synchronous', 'input_parameters': {'direction': {'pvf_type': 'string', 'pvf_example': 'left'}, 'verb': {'pvf_type': 'string', 'pvf_example': 'Turn'}}, 'children': [{'name': 'TaNavigateRobot', 'id': 0}]}, {'name': 'TaNavigateRobot', 'package_name': 'ta_navigate_robot', 'description': 'walk to the wooden table.', 'id': 0, 'effect': 'synchronous', 'input_parameters': {'location': {'pvf_type': 'string', 'pvf_example': 'the wooden table'}, 'verb': {'pvf_type': 'string', 'pvf_example': 'walk to'}, 'pose_2d': {'x': {'pvf_type': 'number', 'pvf_value': 1.28}, 'y': {'pvf_type': 'number', 'pvf_value': -9.73}, 'yaw': {'pvf_type': 'number', 'pvf_value': 2.764}}}, 'parents': [{'name': 'TaMoveRobot', 'id': 0, 'required': True}]}]}"
"turn right, walk to the dresser [x=9.034; y=8.214; yaw=0.022] the dresser","{'umrf_actions': [{'name': 'TaMoveRobot', 'package_name': 'ta_move_robot', 'description': 'turn right', 'id': 0, 'effect': 'synchronous', 'input_parameters': {'direction': {'pvf_type': 'string', 'pvf_example': 'right'}, 'verb': {'pvf_type': 'string', 'pvf_example': 'turn'}}, 'children': [{'name': 'TaNavigateRobot', 'id': 0}]}, {'name': 'TaNavigateRobot', 'package_name': 'ta_navigate_robot', 'description': 'walk to the dresser', 'id': 0, 'effect': 'synchronous', 'input_parameters': {'location': {'pvf_type': 'string', 'pvf_example': 'the dresser'}, 'verb': {'pvf_type': 'string', 'pvf_example': 'walk to'}, 'pose_2d': {'x': {'pvf_type': 'number', 'pvf_value': 9.034}, 'y': {'pvf_type': 'number', 'pvf_value': 8.214}, 'yaw': {'pvf_type': 'number', 'pvf_value': 0.022}}}, 'parents': [{'name': 'TaMoveRobot', 'id': 0, 'required': True}]}]}"
"Turn around and walk halfway across the room, then turn to the left and walk to the table to the right of the bed.  [x=-5.07; y=-3.99; yaw=2.975] the room [x=-7.5; y=2.07; yaw=5.197] the table to the right of the bed","{'umrf_actions': [{'name': 'TaMoveRobot', 'package_name': 'ta_move_robot', 'description': 'Turn around', 'id': 0, 'effect': 'synchronous', 'input_parameters': {'direction': {'pvf_type': 'string', 'pvf_example': 'around'}, 'verb': {'pvf_type': 'string', 'pvf_example': 'Turn'}}, 'children': [{'name': 'TaNavigateRobot', 'id': 0}]}, {'name': 'TaMoveRobot', 'package_name': 'ta_move_robot', 'description': 'turn to the left', 'id': 1, 'effect': 'synchronous', 'input_parameters': {'direction': {'pvf_type': 'string', 'pvf_example': 'left'}, 'verb': {'pvf_type': 'string', 'pvf_example': 'turn'}}, 'children': [{'name': 'TaNavigateRobot', 'id': 1}], 'parents': [{'name': 'TaNavigateRobot', 'id': 0, 'required': True}]}, {'name': 'TaNavigateRobot', 'package_name': 'ta_navigate_robot', 'description': 'walk halfway across the room', 'id': 0, 'effect': 'synchronous', 'input_parameters': {'location': {'pvf_type': 'string', 'pvf_example': 'the room'}, 'verb': {'pvf_type': 'string', 'pvf_example': 'walk across'}, 'pose_2d': {'x': {'pvf_type': 'number', 'pvf_value': -5.07}, 'y': {'pvf_type': 'number', 'pvf_value': -3.99}, 'yaw': {'pvf_type': 'number', 'pvf_value': 2.975}}}, 'children': [{'name': 'TaMoveRobot', 'id': 1}], 'parents': [{'name': 'TaMoveRobot', 'id': 0, 'required': True}]}, {'name': 'TaNavigateRobot', 'package_name': 'ta_navigate_robot', 'description': 'walk to the table to the right of the bed. ', 'id': 1, 'effect': 'synchronous', 'input_parameters': {'location': {'pvf_type': 'string', 'pvf_example': 'the table to the right of the bed'}, 'verb': {'pvf_type': 'string', 'pvf_example': 'walk to'}, 'pose_2d': {'x': {'pvf_type': 'number', 'pvf_value': -7.5}, 'y': {'pvf_type': 'number', 'pvf_value': 2.07}, 'yaw': {'pvf_type': 'number', 'pvf_value': 5.197}}}, 'parents': [{'name': 'TaMoveRobot', 'id': 1, 'required': True}]}]}"
Walk over to the left side of the wooden desk. [x=-6.74; y=-4.67; yaw=3.086] the left side of the wooden desk,"{'umrf_actions': [{'name': 'TaNavigateRobot', 'package_name': 'ta_navigate_robot', 'id': 0, 'effect': 'synchronous', 'input_parameters': {'location': {'pvf_type': 'string', 'pvf_example': 'the left side of the wooden desk'}, 'pose_2d': {'x': {'pvf_type': 'number', 'pvf_value': -6.74}, 'y': {'pvf_type': 'number', 'pvf_value': -4.67}, 'yaw': {'pvf_type': 'number', 'pvf_value': 3.086}}, 'robot_name': {'pvf_type': 'string', 'pvf_value': 'vaultbot'}}}]}"
move to that location [x=-1.6; y=-8.07; yaw=-1.57],"{'umrf_actions': [{'name': 'TaMoveBase', 'package_name': 'ta_move_base', 'id': 0, 'effect': 'synchronous', 'input_parameters': {'pose_2d': {'x': {'pvf_type': 'number', 'pvf_value': -1.6}, 'y': {'pvf_type': 'number', 'pvf_value': -8.07}, 'yaw': {'pvf_type': 'number', 'pvf_value': -1.57}}, 'reference_frame': {'pvf_type': 'string', 'pvf_value': 'base_link'}, 'robot_name': {'pvf_type': 'string', 'pvf_value': 'vaultbot'}}}]}"
"Turn to the left, walk to the wall, turn to the left again and walk up to the nightstand.  [x=1.14; y=-8.33; yaw=5.175] the wall [x=1.55; y=-9.07; yaw=-2.7] the nightstand","{'umrf_actions': [{'name': 'TaMoveRobot', 'package_name': 'ta_move_robot', 'description': 'Turn to the left', 'id': 0, 'effect': 'synchronous', 'input_parameters': {'direction': {'pvf_type': 'string', 'pvf_example': 'left'}, 'verb': {'pvf_type': 'string', 'pvf_example': 'Turn'}}, 'children': [{'name': 'TaNavigateRobot', 'id': 0}]}, {'name': 'TaMoveRobot', 'package_name': 'ta_move_robot', 'description': 'turn to the left again', 'id': 1, 'effect': 'synchronous', 'input_parameters': {'direction': {'pvf_type': 'string', 'pvf_example': 'left'}, 'verb': {'pvf_type': 'string', 'pvf_example': 'turn'}}, 'children': [{'name': 'TaNavigateRobot', 'id': 1}], 'parents': [{'name': 'TaNavigateRobot', 'id': 0, 'required': True}]}, {'name': 'TaNavigateRobot', 'package_name': 'ta_navigate_robot', 'description': 'walk to the wall', 'id': 0, 'effect': 'synchronous', 'input_parameters': {'location': {'pvf_type': 'string', 'pvf_example': 'the wall'}, 'verb': {'pvf_type': 'string', 'pvf_example': 'walk'}, 'pose_2d': {'x': {'pvf_type': 'number', 'pvf_value': 1.14}, 'y': {'pvf_type': 'number', 'pvf_value': -8.33}, 'yaw': {'pvf_type': 'number', 'pvf_value': 5.175}}}, 'children': [{'name': 'TaMoveRobot', 'id': 1}], 'parents': [{'name': 'TaMoveRobot', 'id': 0, 'required': True}]}, {'name': 'TaNavigateRobot', 'package_name': 'ta_navigate_robot', 'description': 'walk up to the nightstand. ', 'id': 1, 'effect': 'synchronous', 'input_parameters': {'location': {'pvf_type': 'string', 'pvf_example': 'the nightstand'}, 'verb': {'pvf_type': 'string', 'pvf_example': 'walk up to'}, 'pose_2d': {'x': {'pvf_type': 'number', 'pvf_value': 1.55}, 'y': {'pvf_type': 'number', 'pvf_value': -9.07}, 'yaw': {'pvf_type': 'number', 'pvf_value': -2.7}}}, 'parents': [{'name': 'TaMoveRobot', 'id': 1, 'required': True}]}]}"
Move to the kitchen island counter top on the opposite side of the oven facing the knife [x=9.27; y=-0.22; yaw=-2.901] the kitchen island counter top on the opposite side of the oven facing the knife,"{'umrf_actions': [{'name': 'TaNavigateRobot', 'package_name': 'ta_navigate_robot', 'description': 'Move to the kitchen island counter top on the opposite side of the oven facing the knife', 'id': 0, 'effect': 'synchronous', 'input_parameters': {'location': {'pvf_type': 'string', 'pvf_example': 'the kitchen island counter top on the opposite side of the oven facing the knife'}, 'verb': {'pvf_type': 'string', 'pvf_example': 'Move to'}, 'pose_2d': {'x': {'pvf_type': 'number', 'pvf_value': 9.27}, 'y': {'pvf_type': 'number', 'pvf_value': -0.22}, 'yaw': {'pvf_type': 'number', 'pvf_value': -2.901}}}}]}"
"turn left and walk over to the stove at the end of the room, then take a left and walk over to the fridge on the right [x=-4.988; y=-3.74; yaw=9.157] the stove at the end of the room [x=-1.09; y=7.08; yaw=6.49] the fridge on the right","{'umrf_actions': [{'name': 'TaMoveRobot', 'package_name': 'ta_move_robot', 'description': 'turn left', 'id': 0, 'effect': 'synchronous', 'input_parameters': {'direction': {'pvf_type': 'string', 'pvf_example': 'left'}, 'verb': {'pvf_type': 'string', 'pvf_example': 'turn'}}, 'children': [{'name': 'TaNavigateRobot', 'id': 0}]}, {'name': 'TaMoveRobot', 'package_name': 'ta_move_robot', 'description': 'take a left', 'id': 1, 'effect': 'synchronous', 'input_parameters': {'direction': {'pvf_type': 'string', 'pvf_example': 'left'}, 'verb': {'pvf_type': 'string', 'pvf_example': 'take a'}}, 'children': [{'name': 'TaNavigateRobot', 'id': 1}], 'parents': [{'name': 'TaNavigateRobot', 'id': 0, 'required': True}]}, {'name': 'TaNavigateRobot', 'package_name': 'ta_navigate_robot', 'description': 'walk over to the stove at the end of the room', 'id': 0, 'effect': 'synchronous', 'input_parameters': {'location': {'pvf_type': 'string', 'pvf_example': 'the stove at the end of the room'}, 'verb': {'pvf_type': 'string', 'pvf_example': 'walk over to'}, 'pose_2d': {'x': {'pvf_type': 'number', 'pvf_value': -4.988}, 'y': {'pvf_type': 'number', 'pvf_value': -3.74}, 'yaw': {'pvf_type': 'number', 'pvf_value': 9.157}}}, 'children': [{'name': 'TaMoveRobot', 'id': 1}], 'parents': [{'name': 'TaMoveRobot', 'id': 0, 'required': True}]}, {'name': 'TaNavigateRobot', 'package_name': 'ta_navigate_robot', 'description': 'walk over to the fridge on the right', 'id': 1, 'effect': 'synchronous', 'input_parameters': {'location': {'pvf_type': 'string', 'pvf_example': 'the fridge on the right'}, 'verb': {'pvf_type': 'string', 'pvf_example': 'walk over to'}, 'pose_2d': {'x': {'pvf_type': 'number', 'pvf_value': -1.09}, 'y': {'pvf_type': 'number', 'pvf_value': 7.08}, 'yaw': {'pvf_type': 'number', 'pvf_value': 6.49}}}, 'parents': [{'name': 'TaMoveRobot', 'id': 1, 'required': True}]}]}"
Turn to the left to face the microwave. [x=-8.77; y=-7.67; yaw=4.197] the microwave,"{'umrf_actions': [{'name': 'TaMoveRobot', 'package_name': 'ta_move_robot', 'description': 'Turn to the left', 'id': 0, 'effect': 'synchronous', 'input_parameters': {'direction': {'pvf_type': 'string', 'pvf_example': 'left'}, 'verb': {'pvf_type': 'string', 'pvf_example': 'Turn'}}, 'children': [{'name': 'TaNavigateRobot', 'id': 0}]}, {'name': 'TaNavigateRobot', 'package_name': 'ta_navigate_robot', 'description': 'face the microwave.', 'id': 0, 'effect': 'synchronous', 'input_parameters': {'landmark': {'pvf_type': 'string', 'pvf_example': 'the microwave'}, 'verb': {'pvf_type': 'string', 'pvf_example': 'face'}, 'pose_2d': {'x': {'pvf_type': 'number', 'pvf_value': -8.77}, 'y': {'pvf_type': 'number', 'pvf_value': -7.67}, 'yaw': {'pvf_type': 'number', 'pvf_value': 4.197}}}, 'parents': [{'name': 'TaMoveRobot', 'id': 0, 'required': True}]}]}"
Turn left to face the microwave. [x=-1.11; y=-1.61; yaw=1.011] the microwave,"{'umrf_actions': [{'name': 'TaMoveRobot', 'package_name': 'ta_move_robot', 'description': 'Turn left', 'id': 0, 'effect': 'synchronous', 'input_parameters': {'direction': {'pvf_type': 'string', 'pvf_example': 'left'}, 'verb': {'pvf_type': 'string', 'pvf_example': 'Turn'}}, 'children': [{'name': 'TaNavigateRobot', 'id': 0}]}, {'name': 'TaNavigateRobot', 'package_name': 'ta_navigate_robot', 'description': 'face the microwave.', 'id': 0, 'effect': 'synchronous', 'input_parameters': {'landmark': {'pvf_type': 'string', 'pvf_example': 'the microwave'}, 'verb': {'pvf_type': 'string', 'pvf_example': 'face'}, 'pose_2d': {'x': {'pvf_type': 'number', 'pvf_value': -1.11}, 'y': {'pvf_type': 'number', 'pvf_value': -1.61}, 'yaw': {'pvf_type': 'number', 'pvf_value': 1.011}}}, 'parents': [{'name': 'TaMoveRobot', 'id': 0, 'required': True}]}]}"
"walk forward, turn left, walk towards the stove [x=9.33; y=-3.699; yaw=-2.226] forward [x=0.04; y=5.16; yaw=-1.189] the stove","{'umrf_actions': [{'name': 'TaMoveRobot', 'package_name': 'ta_move_robot', 'description': 'turn left', 'id': 0, 'effect': 'synchronous', 'input_parameters': {'direction': {'pvf_type': 'string', 'pvf_example': 'left'}, 'verb': {'pvf_type': 'string', 'pvf_example': 'turn'}}, 'children': [{'name': 'TaNavigateRobot', 'id': 1}], 'parents': [{'name': 'TaNavigateRobot', 'id': 0, 'required': True}]}, {'name': 'TaNavigateRobot', 'package_name': 'ta_navigate_robot', 'description': 'walk forward', 'id': 0, 'effect': 'synchronous', 'input_parameters': {'location': {'pvf_type': 'string', 'pvf_example': 'forward'}, 'verb': {'pvf_type': 'string', 'pvf_example': 'walk'}, 'pose_2d': {'x': {'pvf_type': 'number', 'pvf_value': 9.33}, 'y': {'pvf_type': 'number', 'pvf_value': -3.699}, 'yaw': {'pvf_type': 'number', 'pvf_value': -2.226}}}, 'children': [{'name': 'TaMoveRobot', 'id': 0}]}, {'name': 'TaNavigateRobot', 'package_name': 'ta_navigate_robot', 'description': 'walk towards the stove', 'id': 1, 'effect': 'synchronous', 'input_parameters': {'location': {'pvf_type': 'string', 'pvf_example': 'the stove'}, 'verb': {'pvf_type': 'string', 'pvf_example': 'walk towards'}, 'pose_2d': {'x': {'pvf_type': 'number', 'pvf_value': 0.04}, 'y': {'pvf_type': 'number', 'pvf_value': 5.16}, 'yaw': {'pvf_type': 'number', 'pvf_value': -1.189}}}, 'parents': [{'name': 'TaMoveRobot', 'id': 0, 'required': True}]}]}"
Move to the night stand to the right of the bed facing the clock [x=9.52; y=-0.21; yaw=3.65] the night stand to the right of the bed facing the clock,"{'umrf_actions': [{'name': 'TaNavigateRobot', 'package_name': 'ta_navigate_robot', 'description': 'Move to the night stand to the right of the bed facing the clock', 'id': 0, 'effect': 'synchronous', 'input_parameters': {'location': {'pvf_type': 'string', 'pvf_example': 'the night stand to the right of the bed facing the clock'}, 'verb': {'pvf_type': 'string', 'pvf_example': 'Move'}, 'pose_2d': {'x': {'pvf_type': 'number', 'pvf_value': 9.52}, 'y': {'pvf_type': 'number', 'pvf_value': -0.21}, 'yaw': {'pvf_type': 'number', 'pvf_value': 3.65}}, 'robot_name': {'pvf_type': 'string', 'pvf_value': 'vaultbot'}}}]}"
Turn around and walk up to the end of the bed. [x=-8.02; y=-6.67; yaw=1.957] the end of the bed,"{'umrf_actions': [{'name': 'TaMoveRobot', 'package_name': 'ta_move_robot', 'description': 'Turn around', 'id': 0, 'effect': 'synchronous', 'input_parameters': {'direction': {'pvf_type': 'string', 'pvf_example': 'around'}, 'verb': {'pvf_type': 'string', 'pvf_example': 'Turn'}}, 'children': [{'name': 'TaNavigateRobot', 'id': 0}]}, {'name': 'TaNavigateRobot', 'package_name': 'ta_navigate_robot', 'description': 'walk up to the end of the bed.', 'id': 0, 'effect': 'synchronous', 'input_parameters': {'location': {'pvf_type': 'string', 'pvf_example': 'the end of the bed'}, 'verb': {'pvf_type': 'string', 'pvf_example': 'walk up to'}, 'pose_2d': {'x': {'pvf_type': 'number', 'pvf_value': -8.02}, 'y': {'pvf_type': 'number', 'pvf_value': -6.67}, 'yaw': {'pvf_type': 'number', 'pvf_value': 1.957}}}, 'parents': [{'name': 'TaMoveRobot', 'id': 0, 'required': True}]}]}"