,example_number,nl_instruction,fully_assembled_prompts,n_words_in_n_nl_instruction,action_type,graph,n_graph_nodes,n_graph_levels,human_rated_difficulty,sequential,hierarchical,cyclical,prediction
0,9,return to your docking station every night,"### Natural Language Instruction: 
walk a step the the left and face the front of the desk. + x: -5.974, y: 3.803, yaw: 1.017
### JSON format: 
{
    ""umrf_actions"": [
        {
            ""name"": ""TaMoveRobot"",
            ""package_name"": ""ta_move_robot"",
            ""description"": ""Walk a step the the left"",
            ""id"": 0,
            ""effect"": ""synchronous"",
            ""input_parameters"": {
                ""direction"": {
                    ""pvf_type"": ""string"",
                    ""pvf_example"": ""left""
                },
                ""verb"": {
                    ""pvf_type"": ""string"",
                    ""pvf_example"": ""step""
                }
            },
            ""children"": [
                {
                    ""name"": ""TaNavigateRobot"",
                    ""id"": 0
                }
            ]
        },
        {
            ""name"": ""TaNavigateRobot"",
            ""package_name"": ""ta_navigate_robot"",
            ""description"": ""face the front of the desk"",
            ""id"": 0,
            ""effect"": ""synchronous"",
            ""input_parameters"": {
                ""verb"": {
                    ""pvf_type"": ""string"",
                    ""pvf_example"": ""face""
                },
                ""pose_2d"": {
                    ""x"": {
                        ""pvf_type"": ""number"",
                        ""pvf_value"": -5.974
                    },
                    ""y"": {
                        ""pvf_type"": ""number"",
                        ""pvf_value"": 3.803
                    },
                    ""yaw"": {
                        ""pvf_type"": ""number"",
                        ""pvf_value"": 1.017
                    }
                }
            },
            ""parents"": [
                {
                    ""name"": ""TaMoveRobot"",
                    ""id"": 0,
                    ""required"": true
                }
            ]
        }
    ]
}### Natural Language Instruction: 
turn left and walk to the wooden table. + x: 1.28, y: -9.73, yaw: 2.764
### JSON format: 
{
    ""umrf_actions"": [
        {
            ""name"": ""TaMoveRobot"",
            ""package_name"": ""ta_move_robot"",
            ""description"": ""Turn left"",
            ""id"": 0,
            ""effect"": ""synchronous"",
            ""input_parameters"": {
                ""direction"": {
                    ""pvf_type"": ""string"",
                    ""pvf_example"": ""left""
                },
                ""verb"": {
                    ""pvf_type"": ""string"",
                    ""pvf_example"": ""Turn""
                }
            },
            ""children"": [
                {
                    ""name"": ""TaNavigateRobot"",
                    ""id"": 0
                }
            ]
        },
        {
            ""name"": ""TaNavigateRobot"",
            ""package_name"": ""ta_navigate_robot"",
            ""description"": ""walk to the wooden table."",
            ""id"": 0,
            ""effect"": ""synchronous"",
            ""input_parameters"": {
                ""location"": {
                    ""pvf_type"": ""string"",
                    ""pvf_example"": ""the wooden table""
                },
                ""verb"": {
                    ""pvf_type"": ""string"",
                    ""pvf_example"": ""walk to""
                },
                ""pose_2d"": {
                    ""x"": {
                        ""pvf_type"": ""number"",
                        ""pvf_value"": 1.28
                    },
                    ""y"": {
                        ""pvf_type"": ""number"",
                        ""pvf_value"": -9.73
                    },
                    ""yaw"": {
                        ""pvf_type"": ""number"",
                        ""pvf_value"": 2.764
                    }
                }
            },
            ""parents"": [
                {
                    ""name"": ""TaMoveRobot"",
                    ""id"": 0,
                    ""required"": true
                }
            ]
        }
    ]
}### Natural Language Instruction: 
put the clock on the top shelf to the right. + x: 4.73, y: -1.98, yaw: 8.256
### JSON format: 
{
    ""umrf_actions"": [
        {
            ""name"": ""TaPlace"",
            ""package_name"": ""ta_place"",
            ""description"": ""Put the clock on the top shelf to the right."",
            ""id"": 0,
            ""effect"": ""synchronous"",
            ""input_parameters"": {
                ""locale"": {
                    ""pvf_type"": ""string"",
                    ""pvf_example"": ""on the top shelf to the right.""
                },
                ""object"": {
                    ""pvf_type"": ""string"",
                    ""pvf_example"": ""clock""
                },
                ""verb"": {
                    ""pvf_type"": ""string"",
                    ""pvf_example"": ""Put""
                },
                ""pose_2d"": {
                    ""x"": {
                        ""pvf_type"": ""number"",
                        ""pvf_value"": 4.73
                    },
                    ""y"": {
                        ""pvf_type"": ""number"",
                        ""pvf_value"": -1.98
                    },
                    ""yaw"": {
                        ""pvf_type"": ""number"",
                        ""pvf_value"": 8.256
                    }
                }
            }
        }
    ]
}### Natural Language Instruction: 
return to your docking station every night
### JSON format: 
",7,monitor,,,,,0,0,1,"{
    ""umrf_actions"": [
        {
            ""name"": ""TaReturn"",
            ""package_name"": ""ta_return"",
            ""description"": ""Return to your docking station every night."",
            ""id"": 0,
            ""effect"": ""synchronous"",
            ""input_parameters"": {
                ""verb"": {
                    ""pvf_type"": ""string"",
                    ""pvf_example"": ""Return""
                },
                ""location"": {
                    ""pvf_type"": ""string"",
                    ""pvf_example"": ""your docking station""
                },
                ""time"": {
                    ""pvf_type"": ""string"",
                    ""pvf_example"": ""every night""
                }
            }
        }
    ]
}### Natural Language Instruction: 
pick up the red ball and put it in the box. + x: 1.28, y: -9.73, yaw: 2.764
### JSON format: 
{
    ""umrf_actions"": [
        {
            ""name"": ""TaPickup"",
            ""package_name"": ""ta_pickup"",
            ""description"": ""Pick up the red ball."",
            ""id"": 0,
            ""effect"": ""synchronous"",
            ""input_parameters"": {
                ""object"": {
                    ""pvf_type"": ""string"",
                    ""pvf_example"": ""red ball""
                },
                ""verb"": {
                    ""pvf_type"": ""string"",
                    ""pvf_example"": ""Pick up""
                },
                ""pose_2d"": {
                    ""x"": {
                        ""pvf_type"": ""number"",
                        ""pvf_value"": 1.28
                    },
                    ""y"": {
                        ""pvf_type"": ""number"",
                        ""pvf_value"": -9.73
                    },
                    ""yaw"": {
                        ""pvf_type"": ""number"",
                        ""pvf_value"": 2.764
                    }
                }
            },
            ""children"": [
                {
                    ""name"": ""TaPlace"",
                    ""id"": 0
                }
            ]
        },
        {
            ""name"": ""TaPlace"",
            ""package_name"": ""ta_place"",
            ""description"": ""Put it in the box."",
            ""id"": 0,
            ""effect"": ""synchronous"",
            ""input_parameters"": {
                ""locale"": {
                    ""pvf_type"": ""string"",
                    ""pvf_example"": ""it in the box.""
                },
                ""object"": {
                    ""pvf_type"": ""string"",
                    ""pvf_example"": ""red ball""
                },
                ""verb"": {
                    ""pvf_type"": ""string"",
                    ""pvf_example"": ""Put""
                },
                ""pose_2d"": {
                    ""x"": {
                        ""pvf_type"": ""number"",
                        ""pvf_value"": 1.28
                    },
                    ""y"": {
                        ""pvf_type"": ""number"",
                        ""pvf_value"": -9.73
                    },
                    ""yaw"": {
                        ""pvf_type"": ""number"",
                        ""pvf_value"": 2.764
                    }
                }
            },
            ""parents"": [
                {
                    ""name"": ""TaPickup"",
                    ""id"": 0,
                    ""required"": true
                }
            ]
        }
    ]
}### Natural Language Instruction: 
put the clock on the top shelf to the right. + x: 4.73, y: -1.98, yaw: 8.256
### JSON format: 
{
    ""umrf_actions"": [
        {
            ""name"": ""TaPlace"",
            ""package_name"": ""ta_place"",
            ""description"": """
